system:index,GPCODE,GPNAME,SLOPE_DEG,.geo
0_0,111722,BAGDAHA,3.5588596,"{""type"":""MultiPoint"",""coordinates"":[]}"
1_0,111723,BAGRA,4.045642,"{""type"":""MultiPoint"",""coordinates"":[]}"
2_0,111724,BAHIYARDIH,1.3737063,"{""type"":""MultiPoint"",""coordinates"":[]}"
3_0,111725,BANSJORA,1.8543341,"{""type"":""MultiPoint"",""coordinates"":[]}"
4_0,111726,BARORA,7.967115,"{""type"":""MultiPoint"",""coordinates"":[]}"
5_0,111727,BEHRAKUDAR,2.9587758,"{""type"":""MultiPoint"",""coordinates"":[]}"
6_0,111728,BHIMKANALI,1.8543341,"{""type"":""MultiPoint"",""coordinates"":[]}"
7_0,111729,BOWAKALA NORTH,2.7460077,"{""type"":""MultiPoint"",""coordinates"":[]}"
8_0,111730,BOWAKALA SOUTH,7.0597444,"{""type"":""MultiPoint"",""coordinates"":[]}"
9_0,111731,CHHATRUTAND,4.219652,"{""type"":""MultiPoint"",""coordinates"":[]}"
10_0,111732,DALUDIH,4.7362785,"{""type"":""MultiPoint"",""coordinates"":[]}"
11_0,111733,DARIDA,0.92740995,"{""type"":""MultiPoint"",""coordinates"":[]}"
12_0,111734,DHARMABANDH,1.3735292,"{""type"":""MultiPoint"",""coordinates"":[]}"
13_0,111735,DHAWACHITA,2.11314,"{""type"":""MultiPoint"",""coordinates"":[]}"
14_0,111736,DUMRA NORTH,3.5575247,"{""type"":""MultiPoint"",""coordinates"":[]}"
15_0,111738,FULARITAND,4.449252,"{""type"":""MultiPoint"",""coordinates"":[]}"
16_0,111739,GOBINDADIH,2.1131525,"{""type"":""MultiPoint"",""coordinates"":[]}"
17_0,111740,HARINA,1.3737687,"{""type"":""MultiPoint"",""coordinates"":[]}"
18_0,111741,HATHUDIH,2.112698,"{""type"":""MultiPoint"",""coordinates"":[]}"
19_0,111742,JAMUA,2.9587438,"{""type"":""MultiPoint"",""coordinates"":[]}"
20_0,111743,JAMUATAND,4.7361765,"{""type"":""MultiPoint"",""coordinates"":[]}"
21_0,111744,JHIJHIPAHARI,3.7047918,"{""type"":""MultiPoint"",""coordinates"":[]}"
22_0,111745,KANCHANPUR,3.1754224,"{""type"":""MultiPoint"",""coordinates"":[]}"
23_0,111746,KANDRA,1.8543341,"{""type"":""MultiPoint"",""coordinates"":[]}"
24_0,111747,KAPURIA,4.448556,"{""type"":""MultiPoint"",""coordinates"":[]}"
25_0,111748,KESHARGARAH,4.6273675,"{""type"":""MultiPoint"",""coordinates"":[]}"
26_0,111749,KHANUDIH,2.2284608,"{""type"":""MultiPoint"",""coordinates"":[]}"
27_0,111750,KHARKHARI,1.3735579,"{""type"":""MultiPoint"",""coordinates"":[]}"
28_0,111751,KUMARJORI,2.7454972,"{""type"":""MultiPoint"",""coordinates"":[]}"
29_0,111752,LOHOPITTI,4.6273675,"{""type"":""MultiPoint"",""coordinates"":[]}"
30_0,111753,LUTIPAHARI,3.1759117,"{""type"":""MultiPoint"",""coordinates"":[]}"
31_0,111754,MADHUBAN,2.227796,"{""type"":""MultiPoint"",""coordinates"":[]}"
32_0,111755,MAHESHPUR 2,1.3741436,"{""type"":""MultiPoint"",""coordinates"":[]}"
33_0,111756,MAHESHPUR 1,2.9588907,"{""type"":""MultiPoint"",""coordinates"":[]}"
34_0,111757,MAHUDA,4.4478607,"{""type"":""MultiPoint"",""coordinates"":[]}"
35_0,111758,MALKERA NORTH,5.901695,"{""type"":""MultiPoint"",""coordinates"":[]}"
36_0,111759,MALKERA SOUTH,2.7456758,"{""type"":""MultiPoint"",""coordinates"":[]}"
37_0,111760,MANDRA,1.0134516,"{""type"":""MultiPoint"",""coordinates"":[]}"
38_0,111761,MATIGARAH,4.7856593,"{""type"":""MultiPoint"",""coordinates"":[]}"
39_0,111762,MOHLIDIH,1.3737704,"{""type"":""MultiPoint"",""coordinates"":[]}"
40_0,111763,MURAIDHI,2.1129653,"{""type"":""MultiPoint"",""coordinates"":[]}"
41_0,111764,NADKHURKI,16.941484,"{""type"":""MultiPoint"",""coordinates"":[]}"
42_0,111766,NAGRIKALA NORTH,1.0137702,"{""type"":""MultiPoint"",""coordinates"":[]}"
43_0,111767,NICHITPUR-1,4.1526785,"{""type"":""MultiPoint"",""coordinates"":[]}"
44_0,111768,NICHITPUR-2,2.7802885,"{""type"":""MultiPoint"",""coordinates"":[]}"
45_0,111769,PADUGORA,2.7452807,"{""type"":""MultiPoint"",""coordinates"":[]}"
46_0,111770,PATHARGARIA,3.1744516,"{""type"":""MultiPoint"",""coordinates"":[]}"
47_0,111771,PHATAMAHUL,2.2288706,"{""type"":""MultiPoint"",""coordinates"":[]}"
48_0,111772,RAGHUNATHPUR,4.220385,"{""type"":""MultiPoint"",""coordinates"":[]}"
49_0,111773,RAJGANJ,2.0277221,"{""type"":""MultiPoint"",""coordinates"":[]}"
50_0,111774,RANGUNI,4.220321,"{""type"":""MultiPoint"",""coordinates"":[]}"
51_0,111775,SINGRAH,1.0131122,"{""type"":""MultiPoint"",""coordinates"":[]}"
52_0,111776,SINIDIH,2.1128616,"{""type"":""MultiPoint"",""coordinates"":[]}"
53_0,111777,TARGA,0.0,"{""type"":""MultiPoint"",""coordinates"":[]}"
54_0,111778,TELMOCHO,1.373279,"{""type"":""MultiPoint"",""coordinates"":[]}"
55_0,111779,TETULIA-1,2.1128864,"{""type"":""MultiPoint"",""coordinates"":[]}"
56_0,111780,TETULIA-2,1.3732536,"{""type"":""MultiPoint"",""coordinates"":[]}"
57_0,111781,TUNDU,1.8543341,"{""type"":""MultiPoint"",""coordinates"":[]}"
58_0,111782,ALAKHDIHA,1.37333,"{""type"":""MultiPoint"",""coordinates"":[]}"
59_0,111783,AMJHAR,2.7451186,"{""type"":""MultiPoint"",""coordinates"":[]}"
60_0,111784,AMTAL,0.0,"{""type"":""MultiPoint"",""coordinates"":[]}"
61_0,111785,BAGHMARA,0.92740995,"{""type"":""MultiPoint"",""coordinates"":[]}"
62_0,111786,BALIAPUR EAST,1.0129654,"{""type"":""MultiPoint"",""coordinates"":[]}"
63_0,111788,BARADAHA,0.92740995,"{""type"":""MultiPoint"",""coordinates"":[]}"
64_0,111789,BHIKHRAJPUR,2.9585423,"{""type"":""MultiPoint"",""coordinates"":[]}"
65_0,111790,BIRSINGHPUR,4.219171,"{""type"":""MultiPoint"",""coordinates"":[]}"
66_0,111791,CHANDKUIYA,3.8400848,"{""type"":""MultiPoint"",""coordinates"":[]}"
67_0,111792,DOLAWAR,2.2273371,"{""type"":""MultiPoint"",""coordinates"":[]}"
68_0,111793,DUDHIYA,3.8399966,"{""type"":""MultiPoint"",""coordinates"":[]}"
69_0,111794,GHARBAR,7.480796,"{""type"":""MultiPoint"",""coordinates"":[]}"
70_0,111795,JAGDISH,2.0260792,"{""type"":""MultiPoint"",""coordinates"":[]}"
71_0,111796,KARMATAND,0.92740995,"{""type"":""MultiPoint"",""coordinates"":[]}"
72_0,111797,KUSMATAND,2.7802885,"{""type"":""MultiPoint"",""coordinates"":[]}"
73_0,111798,MUKUNDA,4.0458393,"{""type"":""MultiPoint"",""coordinates"":[]}"
74_0,111799,PALANI,3.175212,"{""type"":""MultiPoint"",""coordinates"":[]}"
75_0,111800,PRADHANKHANTA,5.0479813,"{""type"":""MultiPoint"",""coordinates"":[]}"
76_0,111801,SINDURPUR,4.046364,"{""type"":""MultiPoint"",""coordinates"":[]}"
77_0,111802,SURUNGA,3.437662,"{""type"":""MultiPoint"",""coordinates"":[]}"
78_0,111803,ARALGARIA,1.373443,"{""type"":""MultiPoint"",""coordinates"":[]}"
79_0,111804,BARDUBHI,0.0,"{""type"":""MultiPoint"",""coordinates"":[]}"
80_0,111805,DAMODARPUR,2.9587512,"{""type"":""MultiPoint"",""coordinates"":[]}"
81_0,111806,DHOKHRA,3.8401427,"{""type"":""MultiPoint"",""coordinates"":[]}"
82_0,111807,DUBRAJDIH,3.1743898,"{""type"":""MultiPoint"",""coordinates"":[]}"
83_0,111808,GOPINATHDIH,1.373408,"{""type"":""MultiPoint"",""coordinates"":[]}"
84_0,111809,PANDARKANALI,1.0133369,"{""type"":""MultiPoint"",""coordinates"":[]}"
85_0,111810,PANDERKANALI SOUTH,3.840107,"{""type"":""MultiPoint"",""coordinates"":[]}"
86_0,111811,SAMSHIKHARA,5.7606425,"{""type"":""MultiPoint"",""coordinates"":[]}"
87_0,111812,SIYALGUDRI,2.7802885,"{""type"":""MultiPoint"",""coordinates"":[]}"
88_0,111813,AMARPUR,3.8402662,"{""type"":""MultiPoint"",""coordinates"":[]}"
89_0,111814,ASANBANI 1,2.7468846,"{""type"":""MultiPoint"",""coordinates"":[]}"
90_0,111815,ASANBANI 2,6.33607,"{""type"":""MultiPoint"",""coordinates"":[]}"
91_0,111816,BAGSUMA,2.7459948,"{""type"":""MultiPoint"",""coordinates"":[]}"
92_0,111817,BARA NAWATAND,6.136929,"{""type"":""MultiPoint"",""coordinates"":[]}"
93_0,111818,BARA PICHARI,4.2204123,"{""type"":""MultiPoint"",""coordinates"":[]}"
94_0,111819,BARIYO,1.0140808,"{""type"":""MultiPoint"",""coordinates"":[]}"
95_0,111820,BARWA EAST,10.452005,"{""type"":""MultiPoint"",""coordinates"":[]}"
96_0,111821,BHITIYA,4.153841,"{""type"":""MultiPoint"",""coordinates"":[]}"
97_0,111822,BIRAJPUR,0.92740995,"{""type"":""MultiPoint"",""coordinates"":[]}"
98_0,111823,DAMKARA BARWA,2.113115,"{""type"":""MultiPoint"",""coordinates"":[]}"
99_0,111824,DEWLI,3.4387224,"{""type"":""MultiPoint"",""coordinates"":[]}"
100_0,111825,GORTOPA,2.1129227,"{""type"":""MultiPoint"",""coordinates"":[]}"
101_0,111826,GOVINDPUR EAST,2.0271533,"{""type"":""MultiPoint"",""coordinates"":[]}"
102_0,111828,JAMDIHA,2.229732,"{""type"":""MultiPoint"",""coordinates"":[]}"
103_0,111829,JANGALPUR,6.5425453,"{""type"":""MultiPoint"",""coordinates"":[]}"
104_0,111830,JAYNAGAR,2.2293563,"{""type"":""MultiPoint"",""coordinates"":[]}"
105_0,111831,JIALGORA,4.1532845,"{""type"":""MultiPoint"",""coordinates"":[]}"
106_0,111832,KALADABUR,4.11524,"{""type"":""MultiPoint"",""coordinates"":[]}"
107_0,111833,KANCHANPUR,3.7047918,"{""type"":""MultiPoint"",""coordinates"":[]}"
108_0,111834,KARMATAND,5.4796734,"{""type"":""MultiPoint"",""coordinates"":[]}"
109_0,111835,KHARANI,2.1132486,"{""type"":""MultiPoint"",""coordinates"":[]}"
110_0,111836,KUALBERA,0.92740995,"{""type"":""MultiPoint"",""coordinates"":[]}"
111_0,111837,MAHUBANI 1,10.130518,"{""type"":""MultiPoint"",""coordinates"":[]}"
112_0,111838,MAHUBANI 2,5.528232,"{""type"":""MultiPoint"",""coordinates"":[]}"
113_0,111839,MARICHO,1.374396,"{""type"":""MultiPoint"",""coordinates"":[]}"
114_0,111840,MATIYALA,5.52907,"{""type"":""MultiPoint"",""coordinates"":[]}"
115_0,111841,MORANGA,1.3736424,"{""type"":""MultiPoint"",""coordinates"":[]}"
116_0,111842,MURGABANI,4.220226,"{""type"":""MultiPoint"",""coordinates"":[]}"
117_0,111843,NAGAR KIYARI,4.4525414,"{""type"":""MultiPoint"",""coordinates"":[]}"
118_0,111844,PANDUKI,3.4391403,"{""type"":""MultiPoint"",""coordinates"":[]}"
119_0,111845,PARASI,9.2,"{""type"":""MultiPoint"",""coordinates"":[]}"
120_0,111846,PATHURIA,3.439084,"{""type"":""MultiPoint"",""coordinates"":[]}"
121_0,111847,RATANPUR,2.7463145,"{""type"":""MultiPoint"",""coordinates"":[]}"
122_0,111848,SAHRAJ,4.22063,"{""type"":""MultiPoint"",""coordinates"":[]}"
123_0,111849,TILAIYA,6.139105,"{""type"":""MultiPoint"",""coordinates"":[]}"
124_0,111850,TILAWANI,1.373988,"{""type"":""MultiPoint"",""coordinates"":[]}"
125_0,111851,UDAYPUR,4.4515896,"{""type"":""MultiPoint"",""coordinates"":[]}"
126_0,111915,AGARKUND NORTH,2.7802885,"{""type"":""MultiPoint"",""coordinates"":[]}"
127_0,111917,ALAKENDRA,4.219788,"{""type"":""MultiPoint"",""coordinates"":[]}"
128_0,111919,ANKHDWARA,3.1741676,"{""type"":""MultiPoint"",""coordinates"":[]}"
129_0,111920,ASANLIYA,1.3731439,"{""type"":""MultiPoint"",""coordinates"":[]}"
130_0,111921,BAIJNA,8.2891,"{""type"":""MultiPoint"",""coordinates"":[]}"
131_0,111922,BANDA EAST,2.958518,"{""type"":""MultiPoint"",""coordinates"":[]}"
132_0,111924,BARA AMBONA,1.0132396,"{""type"":""MultiPoint"",""coordinates"":[]}"
133_0,111925,BELKUPA,2.7802885,"{""type"":""MultiPoint"",""coordinates"":[]}"
134_0,111926,BENAGORIA (CHI),4.9050393,"{""type"":""MultiPoint"",""coordinates"":[]}"
135_0,111927,BENAGORIYA (NI),2.113236,"{""type"":""MultiPoint"",""coordinates"":[]}"
136_0,111928,BHAGABANDH,0.0,"{""type"":""MultiPoint"",""coordinates"":[]}"
137_0,111929,BHAMAL,2.7802885,"{""type"":""MultiPoint"",""coordinates"":[]}"
138_0,111930,BHURKUNDABARI,0.92740995,"{""type"":""MultiPoint"",""coordinates"":[]}"
139_0,111931,BIRSINGPUR,2.7456152,"{""type"":""MultiPoint"",""coordinates"":[]}"
140_0,111932,BRIDABANPUR,1.3734765,"{""type"":""MultiPoint"",""coordinates"":[]}"
141_0,111933,CHANCH,2.9585233,"{""type"":""MultiPoint"",""coordinates"":[]}"
142_0,111934,DEWIYANA,2.025846,"{""type"":""MultiPoint"",""coordinates"":[]}"
143_0,111935,DHOBARI,4.1133585,"{""type"":""MultiPoint"",""coordinates"":[]}"
144_0,111936,DUMARIA,1.8543341,"{""type"":""MultiPoint"",""coordinates"":[]}"
145_0,111937,DUMARKUNDA NORTH,2.9585202,"{""type"":""MultiPoint"",""coordinates"":[]}"
146_0,111939,GHAGHRA,3.5583882,"{""type"":""MultiPoint"",""coordinates"":[]}"
147_0,111940,GOPALPUR,2.9586537,"{""type"":""MultiPoint"",""coordinates"":[]}"
148_0,111941,GOPINATHPUR,3.1748965,"{""type"":""MultiPoint"",""coordinates"":[]}"
149_0,111942,HARIYAJAM,3.7047918,"{""type"":""MultiPoint"",""coordinates"":[]}"
150_0,111943,JAMDEHI,3.1745875,"{""type"":""MultiPoint"",""coordinates"":[]}"
151_0,111944,JAMKUDAR,1.373585,"{""type"":""MultiPoint"",""coordinates"":[]}"
152_0,111945,JOGRAT,0.0,"{""type"":""MultiPoint"",""coordinates"":[]}"
153_0,111946,KALIASOL,2.1127353,"{""type"":""MultiPoint"",""coordinates"":[]}"
154_0,111947,KALIMATI,2.9586935,"{""type"":""MultiPoint"",""coordinates"":[]}"
155_0,111948,KALIPAHARI EAST,0.0,"{""type"":""MultiPoint"",""coordinates"":[]}"
156_0,111949,KALIPAHARI NORTH,1.3736025,"{""type"":""MultiPoint"",""coordinates"":[]}"
157_0,111951,KHUSHARI,4.0482507,"{""type"":""MultiPoint"",""coordinates"":[]}"
158_0,111952,LEDAHARIA,5.5272565,"{""type"":""MultiPoint"",""coordinates"":[]}"
159_0,111953,MADANDIH,8.814079,"{""type"":""MultiPoint"",""coordinates"":[]}"
160_0,111954,MADANPUR,1.3736281,"{""type"":""MultiPoint"",""coordinates"":[]}"
161_0,111955,MARMA,18.892963,"{""type"":""MultiPoint"",""coordinates"":[]}"
162_0,111956,MERHA,0.92740995,"{""type"":""MultiPoint"",""coordinates"":[]}"
163_0,111957,NIRSA MIDDLE,17.721397,"{""type"":""MultiPoint"",""coordinates"":[]}"
164_0,111960,PALARPUR,1.3738183,"{""type"":""MultiPoint"",""coordinates"":[]}"
165_0,111961,PANCHMOHALI,3.036858,"{""type"":""MultiPoint"",""coordinates"":[]}"
166_0,111962,PANDRA EAST,5.1390095,"{""type"":""MultiPoint"",""coordinates"":[]}"
167_0,111963,PANDRA WEST,8.415314,"{""type"":""MultiPoint"",""coordinates"":[]}"
168_0,111965,PATHARKUAN,1.3733857,"{""type"":""MultiPoint"",""coordinates"":[]}"
169_0,111966,PATLA BARI,0.92740995,"{""type"":""MultiPoint"",""coordinates"":[]}"
170_0,111967,PINDRAHAT,2.7452426,"{""type"":""MultiPoint"",""coordinates"":[]}"
171_0,111968,PITHAKIYARI,1.0135491,"{""type"":""MultiPoint"",""coordinates"":[]}"
172_0,111969,RAMKANALI,2.9587395,"{""type"":""MultiPoint"",""coordinates"":[]}"
173_0,111970,RANGAMATIYA,1.0139917,"{""type"":""MultiPoint"",""coordinates"":[]}"
174_0,111971,SALUKACHPARA,2.958572,"{""type"":""MultiPoint"",""coordinates"":[]}"
175_0,111972,SASHANBARIA,1.0133542,"{""type"":""MultiPoint"",""coordinates"":[]}"
176_0,111973,SHYAMPUR,5.761224,"{""type"":""MultiPoint"",""coordinates"":[]}"
177_0,111974,SIJUA,2.2295024,"{""type"":""MultiPoint"",""coordinates"":[]}"
178_0,111976,SIWALIBARI MIDDLE,2.1127393,"{""type"":""MultiPoint"",""coordinates"":[]}"
179_0,111979,SONBAD,3.7047918,"{""type"":""MultiPoint"",""coordinates"":[]}"
180_0,111980,SUSUNLIYA,4.446863,"{""type"":""MultiPoint"",""coordinates"":[]}"
181_0,111981,UPCHURIYA,2.2287288,"{""type"":""MultiPoint"",""coordinates"":[]}"
182_0,111982,URMA,2.7449248,"{""type"":""MultiPoint"",""coordinates"":[]}"
183_0,111983,BHUIYA CHITRO,5.0585866,"{""type"":""MultiPoint"",""coordinates"":[]}"
184_0,111984,BISHANPUR,0.92740995,"{""type"":""MultiPoint"",""coordinates"":[]}"
185_0,111985,BRAHAMANDIHA,0.92740995,"{""type"":""MultiPoint"",""coordinates"":[]}"
186_0,111986,CHAITA,5.5289426,"{""type"":""MultiPoint"",""coordinates"":[]}"
187_0,111987,CHITARPUR,1.3743895,"{""type"":""MultiPoint"",""coordinates"":[]}"
188_0,111988,DHANGI,1.0140069,"{""type"":""MultiPoint"",""coordinates"":[]}"
189_0,111989,DUMDUMI,4.116716,"{""type"":""MultiPoint"",""coordinates"":[]}"
190_0,111990,GENDANAWADIH,1.3740442,"{""type"":""MultiPoint"",""coordinates"":[]}"
191_0,111991,GHUNGHASA,3.1774204,"{""type"":""MultiPoint"",""coordinates"":[]}"
192_0,111992,GOMO NORTH,4.4518332,"{""type"":""MultiPoint"",""coordinates"":[]}"
193_0,111994,HARIHARPUR,0.92740995,"{""type"":""MultiPoint"",""coordinates"":[]}"
194_0,111996,KHARIYO,3.438977,"{""type"":""MultiPoint"",""coordinates"":[]}"
195_0,111998,KORKOTA,1.3742641,"{""type"":""MultiPoint"",""coordinates"":[]}"
196_0,111999,LEDATAND,2.229946,"{""type"":""MultiPoint"",""coordinates"":[]}"
197_0,112000,LOKBAD,2.1133246,"{""type"":""MultiPoint"",""coordinates"":[]}"
198_0,112001,MADAIDIH,2.113354,"{""type"":""MultiPoint"",""coordinates"":[]}"
199_0,112002,MATARI,26.433105,"{""type"":""MultiPoint"",""coordinates"":[]}"
200_0,112003,NERO,1.3743043,"{""type"":""MultiPoint"",""coordinates"":[]}"
201_0,112004,PAWAPUR,2.0284014,"{""type"":""MultiPoint"",""coordinates"":[]}"
202_0,112005,PRADHANKHANTA,0.92740995,"{""type"":""MultiPoint"",""coordinates"":[]}"
203_0,112006,RAMAKUNDA,0.92740995,"{""type"":""MultiPoint"",""coordinates"":[]}"
204_0,112007,SINGHDAHA,2.1131806,"{""type"":""MultiPoint"",""coordinates"":[]}"
205_0,112008,SIRAMPUR,2.113188,"{""type"":""MultiPoint"",""coordinates"":[]}"
206_0,112009,TANTRI,7.2989845,"{""type"":""MultiPoint"",""coordinates"":[]}"
207_0,112010,TOPCHANCHI,4.6273675,"{""type"":""MultiPoint"",""coordinates"":[]}"
208_0,112011,BARWATAND,3.1789412,"{""type"":""MultiPoint"",""coordinates"":[]}"
209_0,112012,BEGNARIYA,7.488362,"{""type"":""MultiPoint"",""coordinates"":[]}"
210_0,112013,CHURURIYA,2.7477622,"{""type"":""MultiPoint"",""coordinates"":[]}"
211_0,112014,JATAKHUTI,2.7484498,"{""type"":""MultiPoint"",""coordinates"":[]}"
212_0,112015,JEETPUR,5.482732,"{""type"":""MultiPoint"",""coordinates"":[]}"
213_0,112016,KADAIYA,2.0282488,"{""type"":""MultiPoint"",""coordinates"":[]}"
214_0,112017,KAMARDIH,2.7472925,"{""type"":""MultiPoint"",""coordinates"":[]}"
215_0,112018,KATNIA,1.0146538,"{""type"":""MultiPoint"",""coordinates"":[]}"
216_0,112019,KOLHAR,3.7047918,"{""type"":""MultiPoint"",""coordinates"":[]}"
217_0,112020,LACHURAYDIH,1.014427,"{""type"":""MultiPoint"",""coordinates"":[]}"
218_0,112021,LATANI,7.6466227,"{""type"":""MultiPoint"",""coordinates"":[]}"
219_0,112022,LUKAIA,3.4401083,"{""type"":""MultiPoint"",""coordinates"":[]}"
220_0,112023,MACHIYARA,6.5427394,"{""type"":""MultiPoint"",""coordinates"":[]}"
221_0,112024,MAIRANAWATAND,3.1793346,"{""type"":""MultiPoint"",""coordinates"":[]}"
222_0,112025,MANIYADIH,1.3747814,"{""type"":""MultiPoint"",""coordinates"":[]}"
223_0,112026,MOHLIDIH,0.92740995,"{""type"":""MultiPoint"",""coordinates"":[]}"
224_0,112027,PHATEHPUR,1.8543341,"{""type"":""MultiPoint"",""coordinates"":[]}"
225_0,112028,PURNADIH,3.180731,"{""type"":""MultiPoint"",""coordinates"":[]}"
226_0,112029,RAGHUNATHPUR,3.559693,"{""type"":""MultiPoint"",""coordinates"":[]}"
227_0,112030,RAJABHITHA,4.1559024,"{""type"":""MultiPoint"",""coordinates"":[]}"
228_0,112031,RAMPUR,7.9684143,"{""type"":""MultiPoint"",""coordinates"":[]}"
229_0,112032,RATANPUR,5.0493565,"{""type"":""MultiPoint"",""coordinates"":[]}"
230_0,112033,RUPAN,8.2891,"{""type"":""MultiPoint"",""coordinates"":[]}"
231_0,112034,TUNDI,2.113603,"{""type"":""MultiPoint"",""coordinates"":[]}"
232_0,112035,UKMA,3.8405213,"{""type"":""MultiPoint"",""coordinates"":[]}"
233_0,245449,CHHOTANAGRI,2.7802885,"{""type"":""MultiPoint"",""coordinates"":[]}"
234_0,245450,NAVADIH,4.2203603,"{""type"":""MultiPoint"",""coordinates"":[]}"
235_0,245451,PETIA,0.92740995,"{""type"":""MultiPoint"",""coordinates"":[]}"
236_0,245452,PARASBANIA,4.784118,"{""type"":""MultiPoint"",""coordinates"":[]}"
237_0,245453,CHHATATAND,4.7846923,"{""type"":""MultiPoint"",""coordinates"":[]}"
238_0,277569,PANDRABEJRA,7.1249337,"{""type"":""MultiPoint"",""coordinates"":[]}"
