system:index,GPCODE,GPNAME,LANDCOVER_CLASS,LANDCOVER_NAME,.geo
0,111722,BAGDAHA,12,Croplands,"{""type"":""MultiPoint"",""coordinates"":[]}"
1,111723,BAGRA,12,Croplands,"{""type"":""MultiPoint"",""coordinates"":[]}"
2,111724,BAHIYARDIH,13,Urban and Built-up Lands,"{""type"":""MultiPoint"",""coordinates"":[]}"
3,111725,BANSJORA,12,Croplands,"{""type"":""MultiPoint"",""coordinates"":[]}"
4,111726,BARORA,13,Urban and Built-up Lands,"{""type"":""MultiPoint"",""coordinates"":[]}"
5,111727,BEHRAKUDAR,12,Croplands,"{""type"":""MultiPoint"",""coordinates"":[]}"
6,111728,BHIMKANALI,12,Croplands,"{""type"":""MultiPoint"",""coordinates"":[]}"
7,111729,BOWAKALA NORTH,12,Croplands,"{""type"":""MultiPoint"",""coordinates"":[]}"
8,111730,BOWAKALA SOUTH,13,Urban and Built-up Lands,"{""type"":""MultiPoint"",""coordinates"":[]}"
9,111731,CHHATRUTAND,12,Croplands,"{""type"":""MultiPoint"",""coordinates"":[]}"
10,111732,DALUDIH,12,Croplands,"{""type"":""MultiPoint"",""coordinates"":[]}"
11,111733,DARIDA,12,Croplands,"{""type"":""MultiPoint"",""coordinates"":[]}"
12,111734,DHARMABANDH,12,Croplands,"{""type"":""MultiPoint"",""coordinates"":[]}"
13,111735,DHAWACHITA,12,Croplands,"{""type"":""MultiPoint"",""coordinates"":[]}"
14,111736,DUMRA NORTH,10,Grasslands,"{""type"":""MultiPoint"",""coordinates"":[]}"
15,111738,FULARITAND,10,Grasslands,"{""type"":""MultiPoint"",""coordinates"":[]}"
16,111739,GOBINDADIH,12,Croplands,"{""type"":""MultiPoint"",""coordinates"":[]}"
17,111740,HARINA,12,Croplands,"{""type"":""MultiPoint"",""coordinates"":[]}"
18,111741,HATHUDIH,12,Croplands,"{""type"":""MultiPoint"",""coordinates"":[]}"
19,111742,JAMUA,13,Urban and Built-up Lands,"{""type"":""MultiPoint"",""coordinates"":[]}"
20,111743,JAMUATAND,12,Croplands,"{""type"":""MultiPoint"",""coordinates"":[]}"
21,111744,JHIJHIPAHARI,12,Croplands,"{""type"":""MultiPoint"",""coordinates"":[]}"
22,111745,KANCHANPUR,12,Croplands,"{""type"":""MultiPoint"",""coordinates"":[]}"
23,111746,KANDRA,12,Croplands,"{""type"":""MultiPoint"",""coordinates"":[]}"
24,111747,KAPURIA,12,Croplands,"{""type"":""MultiPoint"",""coordinates"":[]}"
25,111748,KESHARGARAH,10,Grasslands,"{""type"":""MultiPoint"",""coordinates"":[]}"
26,111749,KHANUDIH,12,Croplands,"{""type"":""MultiPoint"",""coordinates"":[]}"
27,111750,KHARKHARI,10,Grasslands,"{""type"":""MultiPoint"",""coordinates"":[]}"
28,111751,KUMARJORI,12,Croplands,"{""type"":""MultiPoint"",""coordinates"":[]}"
29,111752,LOHOPITTI,12,Croplands,"{""type"":""MultiPoint"",""coordinates"":[]}"
30,111753,LUTIPAHARI,12,Croplands,"{""type"":""MultiPoint"",""coordinates"":[]}"
31,111754,MADHUBAN,12,Croplands,"{""type"":""MultiPoint"",""coordinates"":[]}"
32,111755,MAHESHPUR 2,12,Croplands,"{""type"":""MultiPoint"",""coordinates"":[]}"
33,111756,MAHESHPUR 1,12,Croplands,"{""type"":""MultiPoint"",""coordinates"":[]}"
34,111757,MAHUDA,12,Croplands,"{""type"":""MultiPoint"",""coordinates"":[]}"
35,111758,MALKERA NORTH,13,Urban and Built-up Lands,"{""type"":""MultiPoint"",""coordinates"":[]}"
36,111759,MALKERA SOUTH,10,Grasslands,"{""type"":""MultiPoint"",""coordinates"":[]}"
37,111760,MANDRA,13,Urban and Built-up Lands,"{""type"":""MultiPoint"",""coordinates"":[]}"
38,111761,MATIGARAH,13,Urban and Built-up Lands,"{""type"":""MultiPoint"",""coordinates"":[]}"
39,111762,MOHLIDIH,12,Croplands,"{""type"":""MultiPoint"",""coordinates"":[]}"
40,111763,MURAIDHI,12,Croplands,"{""type"":""MultiPoint"",""coordinates"":[]}"
41,111764,NADKHURKI,13,Urban and Built-up Lands,"{""type"":""MultiPoint"",""coordinates"":[]}"
42,111766,NAGRIKALA NORTH,12,Croplands,"{""type"":""MultiPoint"",""coordinates"":[]}"
43,111767,NICHITPUR-1,12,Croplands,"{""type"":""MultiPoint"",""coordinates"":[]}"
44,111768,NICHITPUR-2,12,Croplands,"{""type"":""MultiPoint"",""coordinates"":[]}"
45,111769,PADUGORA,12,Croplands,"{""type"":""MultiPoint"",""coordinates"":[]}"
46,111770,PATHARGARIA,12,Croplands,"{""type"":""MultiPoint"",""coordinates"":[]}"
47,111771,PHATAMAHUL,12,Croplands,"{""type"":""MultiPoint"",""coordinates"":[]}"
48,111772,RAGHUNATHPUR,12,Croplands,"{""type"":""MultiPoint"",""coordinates"":[]}"
49,111773,RAJGANJ,12,Croplands,"{""type"":""MultiPoint"",""coordinates"":[]}"
50,111774,RANGUNI,12,Croplands,"{""type"":""MultiPoint"",""coordinates"":[]}"
51,111775,SINGRAH,12,Croplands,"{""type"":""MultiPoint"",""coordinates"":[]}"
52,111776,SINIDIH,10,Grasslands,"{""type"":""MultiPoint"",""coordinates"":[]}"
53,111777,TARGA,12,Croplands,"{""type"":""MultiPoint"",""coordinates"":[]}"
54,111778,TELMOCHO,12,Croplands,"{""type"":""MultiPoint"",""coordinates"":[]}"
55,111779,TETULIA-1,10,Grasslands,"{""type"":""MultiPoint"",""coordinates"":[]}"
56,111780,TETULIA-2,12,Croplands,"{""type"":""MultiPoint"",""coordinates"":[]}"
57,111781,TUNDU,13,Urban and Built-up Lands,"{""type"":""MultiPoint"",""coordinates"":[]}"
58,111782,ALAKHDIHA,12,Croplands,"{""type"":""MultiPoint"",""coordinates"":[]}"
59,111783,AMJHAR,12,Croplands,"{""type"":""MultiPoint"",""coordinates"":[]}"
60,111784,AMTAL,10,Grasslands,"{""type"":""MultiPoint"",""coordinates"":[]}"
61,111785,BAGHMARA,12,Croplands,"{""type"":""MultiPoint"",""coordinates"":[]}"
62,111786,BALIAPUR EAST,12,Croplands,"{""type"":""MultiPoint"",""coordinates"":[]}"
63,111788,BARADAHA,12,Croplands,"{""type"":""MultiPoint"",""coordinates"":[]}"
64,111789,BHIKHRAJPUR,12,Croplands,"{""type"":""MultiPoint"",""coordinates"":[]}"
65,111790,BIRSINGHPUR,12,Croplands,"{""type"":""MultiPoint"",""coordinates"":[]}"
66,111791,CHANDKUIYA,10,Grasslands,"{""type"":""MultiPoint"",""coordinates"":[]}"
67,111792,DOLAWAR,12,Croplands,"{""type"":""MultiPoint"",""coordinates"":[]}"
68,111793,DUDHIYA,12,Croplands,"{""type"":""MultiPoint"",""coordinates"":[]}"
69,111794,GHARBAR,12,Croplands,"{""type"":""MultiPoint"",""coordinates"":[]}"
70,111795,JAGDISH,12,Croplands,"{""type"":""MultiPoint"",""coordinates"":[]}"
71,111796,KARMATAND,12,Croplands,"{""type"":""MultiPoint"",""coordinates"":[]}"
72,111797,KUSMATAND,12,Croplands,"{""type"":""MultiPoint"",""coordinates"":[]}"
73,111798,MUKUNDA,12,Croplands,"{""type"":""MultiPoint"",""coordinates"":[]}"
74,111799,PALANI,12,Croplands,"{""type"":""MultiPoint"",""coordinates"":[]}"
75,111800,PRADHANKHANTA,12,Croplands,"{""type"":""MultiPoint"",""coordinates"":[]}"
76,111801,SINDURPUR,12,Croplands,"{""type"":""MultiPoint"",""coordinates"":[]}"
77,111802,SURUNGA,12,Croplands,"{""type"":""MultiPoint"",""coordinates"":[]}"
78,111803,ARALGARIA,13,Urban and Built-up Lands,"{""type"":""MultiPoint"",""coordinates"":[]}"
79,111804,BARDUBHI,12,Croplands,"{""type"":""MultiPoint"",""coordinates"":[]}"
80,111805,DAMODARPUR,12,Croplands,"{""type"":""MultiPoint"",""coordinates"":[]}"
81,111806,DHOKHRA,12,Croplands,"{""type"":""MultiPoint"",""coordinates"":[]}"
82,111807,DUBRAJDIH,12,Croplands,"{""type"":""MultiPoint"",""coordinates"":[]}"
83,111808,GOPINATHDIH,13,Urban and Built-up Lands,"{""type"":""MultiPoint"",""coordinates"":[]}"
84,111809,PANDARKANALI,13,Urban and Built-up Lands,"{""type"":""MultiPoint"",""coordinates"":[]}"
85,111810,PANDERKANALI SOUTH,12,Croplands,"{""type"":""MultiPoint"",""coordinates"":[]}"
86,111811,SAMSHIKHARA,12,Croplands,"{""type"":""MultiPoint"",""coordinates"":[]}"
87,111812,SIYALGUDRI,13,Urban and Built-up Lands,"{""type"":""MultiPoint"",""coordinates"":[]}"
88,111813,AMARPUR,12,Croplands,"{""type"":""MultiPoint"",""coordinates"":[]}"
89,111814,ASANBANI 1,12,Croplands,"{""type"":""MultiPoint"",""coordinates"":[]}"
90,111815,ASANBANI 2,12,Croplands,"{""type"":""MultiPoint"",""coordinates"":[]}"
91,111816,BAGSUMA,12,Croplands,"{""type"":""MultiPoint"",""coordinates"":[]}"
92,111817,BARA NAWATAND,12,Croplands,"{""type"":""MultiPoint"",""coordinates"":[]}"
93,111818,BARA PICHARI,12,Croplands,"{""type"":""MultiPoint"",""coordinates"":[]}"
94,111819,BARIYO,12,Croplands,"{""type"":""MultiPoint"",""coordinates"":[]}"
95,111820,BARWA EAST,12,Croplands,"{""type"":""MultiPoint"",""coordinates"":[]}"
96,111821,BHITIYA,12,Croplands,"{""type"":""MultiPoint"",""coordinates"":[]}"
97,111822,BIRAJPUR,12,Croplands,"{""type"":""MultiPoint"",""coordinates"":[]}"
98,111823,DAMKARA BARWA,12,Croplands,"{""type"":""MultiPoint"",""coordinates"":[]}"
99,111824,DEWLI,12,Croplands,"{""type"":""MultiPoint"",""coordinates"":[]}"
100,111825,GORTOPA,12,Croplands,"{""type"":""MultiPoint"",""coordinates"":[]}"
101,111826,GOVINDPUR EAST,12,Croplands,"{""type"":""MultiPoint"",""coordinates"":[]}"
102,111828,JAMDIHA,12,Croplands,"{""type"":""MultiPoint"",""coordinates"":[]}"
103,111829,JANGALPUR,12,Croplands,"{""type"":""MultiPoint"",""coordinates"":[]}"
104,111830,JAYNAGAR,12,Croplands,"{""type"":""MultiPoint"",""coordinates"":[]}"
105,111831,JIALGORA,12,Croplands,"{""type"":""MultiPoint"",""coordinates"":[]}"
106,111832,KALADABUR,12,Croplands,"{""type"":""MultiPoint"",""coordinates"":[]}"
107,111833,KANCHANPUR,12,Croplands,"{""type"":""MultiPoint"",""coordinates"":[]}"
108,111834,KARMATAND,12,Croplands,"{""type"":""MultiPoint"",""coordinates"":[]}"
109,111835,KHARANI,12,Croplands,"{""type"":""MultiPoint"",""coordinates"":[]}"
110,111836,KUALBERA,12,Croplands,"{""type"":""MultiPoint"",""coordinates"":[]}"
111,111837,MAHUBANI 1,12,Croplands,"{""type"":""MultiPoint"",""coordinates"":[]}"
112,111838,MAHUBANI 2,12,Croplands,"{""type"":""MultiPoint"",""coordinates"":[]}"
113,111839,MARICHO,12,Croplands,"{""type"":""MultiPoint"",""coordinates"":[]}"
114,111840,MATIYALA,12,Croplands,"{""type"":""MultiPoint"",""coordinates"":[]}"
115,111841,MORANGA,12,Croplands,"{""type"":""MultiPoint"",""coordinates"":[]}"
116,111842,MURGABANI,12,Croplands,"{""type"":""MultiPoint"",""coordinates"":[]}"
117,111843,NAGAR KIYARI,12,Croplands,"{""type"":""MultiPoint"",""coordinates"":[]}"
118,111844,PANDUKI,12,Croplands,"{""type"":""MultiPoint"",""coordinates"":[]}"
119,111845,PARASI,12,Croplands,"{""type"":""MultiPoint"",""coordinates"":[]}"
120,111846,PATHURIA,12,Croplands,"{""type"":""MultiPoint"",""coordinates"":[]}"
121,111847,RATANPUR,12,Croplands,"{""type"":""MultiPoint"",""coordinates"":[]}"
122,111848,SAHRAJ,12,Croplands,"{""type"":""MultiPoint"",""coordinates"":[]}"
123,111849,TILAIYA,12,Croplands,"{""type"":""MultiPoint"",""coordinates"":[]}"
124,111850,TILAWANI,12,Croplands,"{""type"":""MultiPoint"",""coordinates"":[]}"
125,111851,UDAYPUR,12,Croplands,"{""type"":""MultiPoint"",""coordinates"":[]}"
126,111915,AGARKUND NORTH,13,Urban and Built-up Lands,"{""type"":""MultiPoint"",""coordinates"":[]}"
127,111917,ALAKENDRA,12,Croplands,"{""type"":""MultiPoint"",""coordinates"":[]}"
128,111919,ANKHDWARA,12,Croplands,"{""type"":""MultiPoint"",""coordinates"":[]}"
129,111920,ASANLIYA,12,Croplands,"{""type"":""MultiPoint"",""coordinates"":[]}"
130,111921,BAIJNA,13,Urban and Built-up Lands,"{""type"":""MultiPoint"",""coordinates"":[]}"
131,111922,BANDA EAST,12,Croplands,"{""type"":""MultiPoint"",""coordinates"":[]}"
132,111924,BARA AMBONA,12,Croplands,"{""type"":""MultiPoint"",""coordinates"":[]}"
133,111925,BELKUPA,12,Croplands,"{""type"":""MultiPoint"",""coordinates"":[]}"
134,111926,BENAGORIA (CHI),12,Croplands,"{""type"":""MultiPoint"",""coordinates"":[]}"
135,111927,BENAGORIYA (NI),12,Croplands,"{""type"":""MultiPoint"",""coordinates"":[]}"
136,111928,BHAGABANDH,10,Grasslands,"{""type"":""MultiPoint"",""coordinates"":[]}"
137,111929,BHAMAL,13,Urban and Built-up Lands,"{""type"":""MultiPoint"",""coordinates"":[]}"
138,111930,BHURKUNDABARI,12,Croplands,"{""type"":""MultiPoint"",""coordinates"":[]}"
139,111931,BIRSINGPUR,12,Croplands,"{""type"":""MultiPoint"",""coordinates"":[]}"
140,111932,BRIDABANPUR,12,Croplands,"{""type"":""MultiPoint"",""coordinates"":[]}"
141,111933,CHANCH,12,Croplands,"{""type"":""MultiPoint"",""coordinates"":[]}"
142,111934,DEWIYANA,12,Croplands,"{""type"":""MultiPoint"",""coordinates"":[]}"
143,111935,DHOBARI,12,Croplands,"{""type"":""MultiPoint"",""coordinates"":[]}"
144,111936,DUMARIA,12,Croplands,"{""type"":""MultiPoint"",""coordinates"":[]}"
145,111937,DUMARKUNDA NORTH,12,Croplands,"{""type"":""MultiPoint"",""coordinates"":[]}"
146,111939,GHAGHRA,12,Croplands,"{""type"":""MultiPoint"",""coordinates"":[]}"
147,111940,GOPALPUR,12,Croplands,"{""type"":""MultiPoint"",""coordinates"":[]}"
148,111941,GOPINATHPUR,12,Croplands,"{""type"":""MultiPoint"",""coordinates"":[]}"
149,111942,HARIYAJAM,12,Croplands,"{""type"":""MultiPoint"",""coordinates"":[]}"
150,111943,JAMDEHI,12,Croplands,"{""type"":""MultiPoint"",""coordinates"":[]}"
151,111944,JAMKUDAR,12,Croplands,"{""type"":""MultiPoint"",""coordinates"":[]}"
152,111945,JOGRAT,13,Urban and Built-up Lands,"{""type"":""MultiPoint"",""coordinates"":[]}"
153,111946,KALIASOL,12,Croplands,"{""type"":""MultiPoint"",""coordinates"":[]}"
154,111947,KALIMATI,12,Croplands,"{""type"":""MultiPoint"",""coordinates"":[]}"
155,111948,KALIPAHARI EAST,10,Grasslands,"{""type"":""MultiPoint"",""coordinates"":[]}"
156,111949,KALIPAHARI NORTH,10,Grasslands,"{""type"":""MultiPoint"",""coordinates"":[]}"
157,111951,KHUSHARI,12,Croplands,"{""type"":""MultiPoint"",""coordinates"":[]}"
158,111952,LEDAHARIA,12,Croplands,"{""type"":""MultiPoint"",""coordinates"":[]}"
159,111953,MADANDIH,10,Grasslands,"{""type"":""MultiPoint"",""coordinates"":[]}"
160,111954,MADANPUR,12,Croplands,"{""type"":""MultiPoint"",""coordinates"":[]}"
161,111955,MARMA,12,Croplands,"{""type"":""MultiPoint"",""coordinates"":[]}"
162,111956,MERHA,13,Urban and Built-up Lands,"{""type"":""MultiPoint"",""coordinates"":[]}"
163,111957,NIRSA MIDDLE,13,Urban and Built-up Lands,"{""type"":""MultiPoint"",""coordinates"":[]}"
164,111960,PALARPUR,12,Croplands,"{""type"":""MultiPoint"",""coordinates"":[]}"
165,111961,PANCHMOHALI,13,Urban and Built-up Lands,"{""type"":""MultiPoint"",""coordinates"":[]}"
166,111962,PANDRA EAST,12,Croplands,"{""type"":""MultiPoint"",""coordinates"":[]}"
167,111963,PANDRA WEST,13,Urban and Built-up Lands,"{""type"":""MultiPoint"",""coordinates"":[]}"
168,111965,PATHARKUAN,12,Croplands,"{""type"":""MultiPoint"",""coordinates"":[]}"
169,111966,PATLA BARI,12,Croplands,"{""type"":""MultiPoint"",""coordinates"":[]}"
170,111967,PINDRAHAT,12,Croplands,"{""type"":""MultiPoint"",""coordinates"":[]}"
171,111968,PITHAKIYARI,12,Croplands,"{""type"":""MultiPoint"",""coordinates"":[]}"
172,111969,RAMKANALI,12,Croplands,"{""type"":""MultiPoint"",""coordinates"":[]}"
173,111970,RANGAMATIYA,12,Croplands,"{""type"":""MultiPoint"",""coordinates"":[]}"
174,111971,SALUKACHPARA,12,Croplands,"{""type"":""MultiPoint"",""coordinates"":[]}"
175,111972,SASHANBARIA,12,Croplands,"{""type"":""MultiPoint"",""coordinates"":[]}"
176,111973,SHYAMPUR,12,Croplands,"{""type"":""MultiPoint"",""coordinates"":[]}"
177,111974,SIJUA,12,Croplands,"{""type"":""MultiPoint"",""coordinates"":[]}"
178,111976,SIWALIBARI MIDDLE,13,Urban and Built-up Lands,"{""type"":""MultiPoint"",""coordinates"":[]}"
179,111979,SONBAD,12,Croplands,"{""type"":""MultiPoint"",""coordinates"":[]}"
180,111980,SUSUNLIYA,12,Croplands,"{""type"":""MultiPoint"",""coordinates"":[]}"
181,111981,UPCHURIYA,12,Croplands,"{""type"":""MultiPoint"",""coordinates"":[]}"
182,111982,URMA,12,Croplands,"{""type"":""MultiPoint"",""coordinates"":[]}"
183,111983,BHUIYA CHITRO,12,Croplands,"{""type"":""MultiPoint"",""coordinates"":[]}"
184,111984,BISHANPUR,12,Croplands,"{""type"":""MultiPoint"",""coordinates"":[]}"
185,111985,BRAHAMANDIHA,12,Croplands,"{""type"":""MultiPoint"",""coordinates"":[]}"
186,111986,CHAITA,12,Croplands,"{""type"":""MultiPoint"",""coordinates"":[]}"
187,111987,CHITARPUR,12,Croplands,"{""type"":""MultiPoint"",""coordinates"":[]}"
188,111988,DHANGI,12,Croplands,"{""type"":""MultiPoint"",""coordinates"":[]}"
189,111989,DUMDUMI,12,Croplands,"{""type"":""MultiPoint"",""coordinates"":[]}"
190,111990,GENDANAWADIH,12,Croplands,"{""type"":""MultiPoint"",""coordinates"":[]}"
191,111991,GHUNGHASA,12,Croplands,"{""type"":""MultiPoint"",""coordinates"":[]}"
192,111992,GOMO NORTH,12,Croplands,"{""type"":""MultiPoint"",""coordinates"":[]}"
193,111994,HARIHARPUR,12,Croplands,"{""type"":""MultiPoint"",""coordinates"":[]}"
194,111996,KHARIYO,12,Croplands,"{""type"":""MultiPoint"",""coordinates"":[]}"
195,111998,KORKOTA,12,Croplands,"{""type"":""MultiPoint"",""coordinates"":[]}"
196,111999,LEDATAND,12,Croplands,"{""type"":""MultiPoint"",""coordinates"":[]}"
197,112000,LOKBAD,12,Croplands,"{""type"":""MultiPoint"",""coordinates"":[]}"
198,112001,MADAIDIH,12,Croplands,"{""type"":""MultiPoint"",""coordinates"":[]}"
199,112002,MATARI,12,Croplands,"{""type"":""MultiPoint"",""coordinates"":[]}"
200,112003,NERO,12,Croplands,"{""type"":""MultiPoint"",""coordinates"":[]}"
201,112004,PAWAPUR,12,Croplands,"{""type"":""MultiPoint"",""coordinates"":[]}"
202,112005,PRADHANKHANTA,12,Croplands,"{""type"":""MultiPoint"",""coordinates"":[]}"
203,112006,RAMAKUNDA,12,Croplands,"{""type"":""MultiPoint"",""coordinates"":[]}"
204,112007,SINGHDAHA,12,Croplands,"{""type"":""MultiPoint"",""coordinates"":[]}"
205,112008,SIRAMPUR,12,Croplands,"{""type"":""MultiPoint"",""coordinates"":[]}"
206,112009,TANTRI,12,Croplands,"{""type"":""MultiPoint"",""coordinates"":[]}"
207,112010,TOPCHANCHI,12,Croplands,"{""type"":""MultiPoint"",""coordinates"":[]}"
208,112011,BARWATAND,12,Croplands,"{""type"":""MultiPoint"",""coordinates"":[]}"
209,112012,BEGNARIYA,4,Deciduous Broadleaf Forests,"{""type"":""MultiPoint"",""coordinates"":[]}"
210,112013,CHURURIYA,12,Croplands,"{""type"":""MultiPoint"",""coordinates"":[]}"
211,112014,JATAKHUTI,12,Croplands,"{""type"":""MultiPoint"",""coordinates"":[]}"
212,112015,JEETPUR,12,Croplands,"{""type"":""MultiPoint"",""coordinates"":[]}"
213,112016,KADAIYA,12,Croplands,"{""type"":""MultiPoint"",""coordinates"":[]}"
214,112017,KAMARDIH,12,Croplands,"{""type"":""MultiPoint"",""coordinates"":[]}"
215,112018,KATNIA,12,Croplands,"{""type"":""MultiPoint"",""coordinates"":[]}"
216,112019,KOLHAR,12,Croplands,"{""type"":""MultiPoint"",""coordinates"":[]}"
217,112020,LACHURAYDIH,12,Croplands,"{""type"":""MultiPoint"",""coordinates"":[]}"
218,112021,LATANI,12,Croplands,"{""type"":""MultiPoint"",""coordinates"":[]}"
219,112022,LUKAIA,12,Croplands,"{""type"":""MultiPoint"",""coordinates"":[]}"
220,112023,MACHIYARA,12,Croplands,"{""type"":""MultiPoint"",""coordinates"":[]}"
221,112024,MAIRANAWATAND,12,Croplands,"{""type"":""MultiPoint"",""coordinates"":[]}"
222,112025,MANIYADIH,12,Croplands,"{""type"":""MultiPoint"",""coordinates"":[]}"
223,112026,MOHLIDIH,12,Croplands,"{""type"":""MultiPoint"",""coordinates"":[]}"
224,112027,PHATEHPUR,12,Croplands,"{""type"":""MultiPoint"",""coordinates"":[]}"
225,112028,PURNADIH,12,Croplands,"{""type"":""MultiPoint"",""coordinates"":[]}"
226,112029,RAGHUNATHPUR,12,Croplands,"{""type"":""MultiPoint"",""coordinates"":[]}"
227,112030,RAJABHITHA,12,Croplands,"{""type"":""MultiPoint"",""coordinates"":[]}"
228,112031,RAMPUR,12,Croplands,"{""type"":""MultiPoint"",""coordinates"":[]}"
229,112032,RATANPUR,12,Croplands,"{""type"":""MultiPoint"",""coordinates"":[]}"
230,112033,RUPAN,12,Croplands,"{""type"":""MultiPoint"",""coordinates"":[]}"
231,112034,TUNDI,12,Croplands,"{""type"":""MultiPoint"",""coordinates"":[]}"
232,112035,UKMA,12,Croplands,"{""type"":""MultiPoint"",""coordinates"":[]}"
233,245449,CHHOTANAGRI,12,Croplands,"{""type"":""MultiPoint"",""coordinates"":[]}"
234,245450,NAVADIH,12,Croplands,"{""type"":""MultiPoint"",""coordinates"":[]}"
235,245451,PETIA,12,Croplands,"{""type"":""MultiPoint"",""coordinates"":[]}"
236,245452,PARASBANIA,12,Croplands,"{""type"":""MultiPoint"",""coordinates"":[]}"
237,245453,CHHATATAND,12,Croplands,"{""type"":""MultiPoint"",""coordinates"":[]}"
238,277569,PANDRABEJRA,12,Croplands,"{""type"":""MultiPoint"",""coordinates"":[]}"
