system:index,ELEVATION_M,GPCODE,GPNAME,.geo
0_0,249,111722,BAGDAHA,"{""type"":""MultiPoint"",""coordinates"":[]}"
1_0,162,111723,BAGRA,"{""type"":""MultiPoint"",""coordinates"":[]}"
2_0,193,111724,BAHIYARDIH,"{""type"":""MultiPoint"",""coordinates"":[]}"
3_0,223,111725,BANSJORA,"{""type"":""MultiPoint"",""coordinates"":[]}"
4_0,199,111726,BARORA,"{""type"":""MultiPoint"",""coordinates"":[]}"
5_0,217,111727,BEHRAKUDAR,"{""type"":""MultiPoint"",""coordinates"":[]}"
6_0,234,111728,BHIMKANALI,"{""type"":""MultiPoint"",""coordinates"":[]}"
7_0,232,111729,BOWAKALA NORTH,"{""type"":""MultiPoint"",""coordinates"":[]}"
8_0,218,111730,BOWAKALA SOUTH,"{""type"":""MultiPoint"",""coordinates"":[]}"
9_0,198,111731,CHHATRUTAND,"{""type"":""MultiPoint"",""coordinates"":[]}"
10_0,261,111732,DALUDIH,"{""type"":""MultiPoint"",""coordinates"":[]}"
11_0,221,111733,DARIDA,"{""type"":""MultiPoint"",""coordinates"":[]}"
12_0,195,111734,DHARMABANDH,"{""type"":""MultiPoint"",""coordinates"":[]}"
13_0,220,111735,DHAWACHITA,"{""type"":""MultiPoint"",""coordinates"":[]}"
14_0,223,111736,DUMRA NORTH,"{""type"":""MultiPoint"",""coordinates"":[]}"
15_0,218,111738,FULARITAND,"{""type"":""MultiPoint"",""coordinates"":[]}"
16_0,271,111739,GOBINDADIH,"{""type"":""MultiPoint"",""coordinates"":[]}"
17_0,220,111740,HARINA,"{""type"":""MultiPoint"",""coordinates"":[]}"
18_0,205,111741,HATHUDIH,"{""type"":""MultiPoint"",""coordinates"":[]}"
19_0,213,111742,JAMUA,"{""type"":""MultiPoint"",""coordinates"":[]}"
20_0,218,111743,JAMUATAND,"{""type"":""MultiPoint"",""coordinates"":[]}"
21_0,209,111744,JHIJHIPAHARI,"{""type"":""MultiPoint"",""coordinates"":[]}"
22_0,185,111745,KANCHANPUR,"{""type"":""MultiPoint"",""coordinates"":[]}"
23_0,216,111746,KANDRA,"{""type"":""MultiPoint"",""coordinates"":[]}"
24_0,190,111747,KAPURIA,"{""type"":""MultiPoint"",""coordinates"":[]}"
25_0,201,111748,KESHARGARAH,"{""type"":""MultiPoint"",""coordinates"":[]}"
26_0,233,111749,KHANUDIH,"{""type"":""MultiPoint"",""coordinates"":[]}"
27_0,211,111750,KHARKHARI,"{""type"":""MultiPoint"",""coordinates"":[]}"
28_0,191,111751,KUMARJORI,"{""type"":""MultiPoint"",""coordinates"":[]}"
29_0,205,111752,LOHOPITTI,"{""type"":""MultiPoint"",""coordinates"":[]}"
30_0,233,111753,LUTIPAHARI,"{""type"":""MultiPoint"",""coordinates"":[]}"
31_0,210,111754,MADHUBAN,"{""type"":""MultiPoint"",""coordinates"":[]}"
32_0,237,111755,MAHESHPUR 2,"{""type"":""MultiPoint"",""coordinates"":[]}"
33_0,229,111756,MAHESHPUR 1,"{""type"":""MultiPoint"",""coordinates"":[]}"
34_0,181,111757,MAHUDA,"{""type"":""MultiPoint"",""coordinates"":[]}"
35_0,199,111758,MALKERA NORTH,"{""type"":""MultiPoint"",""coordinates"":[]}"
36_0,192,111759,MALKERA SOUTH,"{""type"":""MultiPoint"",""coordinates"":[]}"
37_0,222,111760,MANDRA,"{""type"":""MultiPoint"",""coordinates"":[]}"
38_0,208,111761,MATIGARAH,"{""type"":""MultiPoint"",""coordinates"":[]}"
39_0,223,111762,MOHLIDIH,"{""type"":""MultiPoint"",""coordinates"":[]}"
40_0,202,111763,MURAIDHI,"{""type"":""MultiPoint"",""coordinates"":[]}"
41_0,193,111764,NADKHURKI,"{""type"":""MultiPoint"",""coordinates"":[]}"
42_0,236,111766,NAGRIKALA NORTH,"{""type"":""MultiPoint"",""coordinates"":[]}"
43_0,218,111767,NICHITPUR-1,"{""type"":""MultiPoint"",""coordinates"":[]}"
44_0,221,111768,NICHITPUR-2,"{""type"":""MultiPoint"",""coordinates"":[]}"
45_0,210,111769,PADUGORA,"{""type"":""MultiPoint"",""coordinates"":[]}"
46_0,193,111770,PATHARGARIA,"{""type"":""MultiPoint"",""coordinates"":[]}"
47_0,228,111771,PHATAMAHUL,"{""type"":""MultiPoint"",""coordinates"":[]}"
48_0,222,111772,RAGHUNATHPUR,"{""type"":""MultiPoint"",""coordinates"":[]}"
49_0,239,111773,RAJGANJ,"{""type"":""MultiPoint"",""coordinates"":[]}"
50_0,254,111774,RANGUNI,"{""type"":""MultiPoint"",""coordinates"":[]}"
51_0,187,111775,SINGRAH,"{""type"":""MultiPoint"",""coordinates"":[]}"
52_0,197,111776,SINIDIH,"{""type"":""MultiPoint"",""coordinates"":[]}"
53_0,236,111777,TARGA,"{""type"":""MultiPoint"",""coordinates"":[]}"
54_0,198,111778,TELMOCHO,"{""type"":""MultiPoint"",""coordinates"":[]}"
55_0,194,111779,TETULIA-1,"{""type"":""MultiPoint"",""coordinates"":[]}"
56_0,188,111780,TETULIA-2,"{""type"":""MultiPoint"",""coordinates"":[]}"
57_0,203,111781,TUNDU,"{""type"":""MultiPoint"",""coordinates"":[]}"
58_0,203,111782,ALAKHDIHA,"{""type"":""MultiPoint"",""coordinates"":[]}"
59_0,203,111783,AMJHAR,"{""type"":""MultiPoint"",""coordinates"":[]}"
60_0,233,111784,AMTAL,"{""type"":""MultiPoint"",""coordinates"":[]}"
61_0,162,111785,BAGHMARA,"{""type"":""MultiPoint"",""coordinates"":[]}"
62_0,171,111786,BALIAPUR EAST,"{""type"":""MultiPoint"",""coordinates"":[]}"
63_0,190,111788,BARADAHA,"{""type"":""MultiPoint"",""coordinates"":[]}"
64_0,190,111789,BHIKHRAJPUR,"{""type"":""MultiPoint"",""coordinates"":[]}"
65_0,147,111790,BIRSINGHPUR,"{""type"":""MultiPoint"",""coordinates"":[]}"
66_0,216,111791,CHANDKUIYA,"{""type"":""MultiPoint"",""coordinates"":[]}"
67_0,156,111792,DOLAWAR,"{""type"":""MultiPoint"",""coordinates"":[]}"
68_0,145,111793,DUDHIYA,"{""type"":""MultiPoint"",""coordinates"":[]}"
69_0,130,111794,GHARBAR,"{""type"":""MultiPoint"",""coordinates"":[]}"
70_0,194,111795,JAGDISH,"{""type"":""MultiPoint"",""coordinates"":[]}"
71_0,207,111796,KARMATAND,"{""type"":""MultiPoint"",""coordinates"":[]}"
72_0,199,111797,KUSMATAND,"{""type"":""MultiPoint"",""coordinates"":[]}"
73_0,211,111798,MUKUNDA,"{""type"":""MultiPoint"",""coordinates"":[]}"
74_0,211,111799,PALANI,"{""type"":""MultiPoint"",""coordinates"":[]}"
75_0,204,111800,PRADHANKHANTA,"{""type"":""MultiPoint"",""coordinates"":[]}"
76_0,174,111801,SINDURPUR,"{""type"":""MultiPoint"",""coordinates"":[]}"
77_0,184,111802,SURUNGA,"{""type"":""MultiPoint"",""coordinates"":[]}"
78_0,196,111803,ARALGARIA,"{""type"":""MultiPoint"",""coordinates"":[]}"
79_0,177,111804,BARDUBHI,"{""type"":""MultiPoint"",""coordinates"":[]}"
80_0,222,111805,DAMODARPUR,"{""type"":""MultiPoint"",""coordinates"":[]}"
81_0,217,111806,DHOKHRA,"{""type"":""MultiPoint"",""coordinates"":[]}"
82_0,185,111807,DUBRAJDIH,"{""type"":""MultiPoint"",""coordinates"":[]}"
83_0,197,111808,GOPINATHDIH,"{""type"":""MultiPoint"",""coordinates"":[]}"
84_0,198,111809,PANDARKANALI,"{""type"":""MultiPoint"",""coordinates"":[]}"
85_0,193,111810,PANDERKANALI SOUTH,"{""type"":""MultiPoint"",""coordinates"":[]}"
86_0,193,111811,SAMSHIKHARA,"{""type"":""MultiPoint"",""coordinates"":[]}"
87_0,201,111812,SIYALGUDRI,"{""type"":""MultiPoint"",""coordinates"":[]}"
88_0,226,111813,AMARPUR,"{""type"":""MultiPoint"",""coordinates"":[]}"
89_0,230,111814,ASANBANI 1,"{""type"":""MultiPoint"",""coordinates"":[]}"
90_0,226,111815,ASANBANI 2,"{""type"":""MultiPoint"",""coordinates"":[]}"
91_0,203,111816,BAGSUMA,"{""type"":""MultiPoint"",""coordinates"":[]}"
92_0,215,111817,BARA NAWATAND,"{""type"":""MultiPoint"",""coordinates"":[]}"
93_0,268,111818,BARA PICHARI,"{""type"":""MultiPoint"",""coordinates"":[]}"
94_0,203,111819,BARIYO,"{""type"":""MultiPoint"",""coordinates"":[]}"
95_0,160,111820,BARWA EAST,"{""type"":""MultiPoint"",""coordinates"":[]}"
96_0,213,111821,BHITIYA,"{""type"":""MultiPoint"",""coordinates"":[]}"
97_0,258,111822,BIRAJPUR,"{""type"":""MultiPoint"",""coordinates"":[]}"
98_0,247,111823,DAMKARA BARWA,"{""type"":""MultiPoint"",""coordinates"":[]}"
99_0,189,111824,DEWLI,"{""type"":""MultiPoint"",""coordinates"":[]}"
100_0,204,111825,GORTOPA,"{""type"":""MultiPoint"",""coordinates"":[]}"
101_0,199,111826,GOVINDPUR EAST,"{""type"":""MultiPoint"",""coordinates"":[]}"
102_0,219,111828,JAMDIHA,"{""type"":""MultiPoint"",""coordinates"":[]}"
103_0,195,111829,JANGALPUR,"{""type"":""MultiPoint"",""coordinates"":[]}"
104_0,227,111830,JAYNAGAR,"{""type"":""MultiPoint"",""coordinates"":[]}"
105_0,225,111831,JIALGORA,"{""type"":""MultiPoint"",""coordinates"":[]}"
106_0,171,111832,KALADABUR,"{""type"":""MultiPoint"",""coordinates"":[]}"
107_0,221,111833,KANCHANPUR,"{""type"":""MultiPoint"",""coordinates"":[]}"
108_0,201,111834,KARMATAND,"{""type"":""MultiPoint"",""coordinates"":[]}"
109_0,235,111835,KHARANI,"{""type"":""MultiPoint"",""coordinates"":[]}"
110_0,246,111836,KUALBERA,"{""type"":""MultiPoint"",""coordinates"":[]}"
111_0,192,111837,MAHUBANI 1,"{""type"":""MultiPoint"",""coordinates"":[]}"
112_0,214,111838,MAHUBANI 2,"{""type"":""MultiPoint"",""coordinates"":[]}"
113_0,243,111839,MARICHO,"{""type"":""MultiPoint"",""coordinates"":[]}"
114_0,188,111840,MATIYALA,"{""type"":""MultiPoint"",""coordinates"":[]}"
115_0,202,111841,MORANGA,"{""type"":""MultiPoint"",""coordinates"":[]}"
116_0,173,111842,MURGABANI,"{""type"":""MultiPoint"",""coordinates"":[]}"
117_0,239,111843,NAGAR KIYARI,"{""type"":""MultiPoint"",""coordinates"":[]}"
118_0,210,111844,PANDUKI,"{""type"":""MultiPoint"",""coordinates"":[]}"
119_0,168,111845,PARASI,"{""type"":""MultiPoint"",""coordinates"":[]}"
120_0,202,111846,PATHURIA,"{""type"":""MultiPoint"",""coordinates"":[]}"
121_0,197,111847,RATANPUR,"{""type"":""MultiPoint"",""coordinates"":[]}"
122_0,200,111848,SAHRAJ,"{""type"":""MultiPoint"",""coordinates"":[]}"
123_0,306,111849,TILAIYA,"{""type"":""MultiPoint"",""coordinates"":[]}"
124_0,187,111850,TILAWANI,"{""type"":""MultiPoint"",""coordinates"":[]}"
125_0,259,111851,UDAYPUR,"{""type"":""MultiPoint"",""coordinates"":[]}"
126_0,140,111915,AGARKUND NORTH,"{""type"":""MultiPoint"",""coordinates"":[]}"
127_0,188,111917,ALAKENDRA,"{""type"":""MultiPoint"",""coordinates"":[]}"
128_0,165,111919,ANKHDWARA,"{""type"":""MultiPoint"",""coordinates"":[]}"
129_0,163,111920,ASANLIYA,"{""type"":""MultiPoint"",""coordinates"":[]}"
130_0,153,111921,BAIJNA,"{""type"":""MultiPoint"",""coordinates"":[]}"
131_0,139,111922,BANDA EAST,"{""type"":""MultiPoint"",""coordinates"":[]}"
132_0,184,111924,BARA AMBONA,"{""type"":""MultiPoint"",""coordinates"":[]}"
133_0,170,111925,BELKUPA,"{""type"":""MultiPoint"",""coordinates"":[]}"
134_0,136,111926,BENAGORIA (CHI),"{""type"":""MultiPoint"",""coordinates"":[]}"
135_0,178,111927,BENAGORIYA (NI),"{""type"":""MultiPoint"",""coordinates"":[]}"
136_0,148,111928,BHAGABANDH,"{""type"":""MultiPoint"",""coordinates"":[]}"
137_0,141,111929,BHAMAL,"{""type"":""MultiPoint"",""coordinates"":[]}"
138_0,138,111930,BHURKUNDABARI,"{""type"":""MultiPoint"",""coordinates"":[]}"
139_0,144,111931,BIRSINGPUR,"{""type"":""MultiPoint"",""coordinates"":[]}"
140_0,139,111932,BRIDABANPUR,"{""type"":""MultiPoint"",""coordinates"":[]}"
141_0,110,111933,CHANCH,"{""type"":""MultiPoint"",""coordinates"":[]}"
142_0,148,111934,DEWIYANA,"{""type"":""MultiPoint"",""coordinates"":[]}"
143_0,144,111935,DHOBARI,"{""type"":""MultiPoint"",""coordinates"":[]}"
144_0,135,111936,DUMARIA,"{""type"":""MultiPoint"",""coordinates"":[]}"
145_0,103,111937,DUMARKUNDA NORTH,"{""type"":""MultiPoint"",""coordinates"":[]}"
146_0,187,111939,GHAGHRA,"{""type"":""MultiPoint"",""coordinates"":[]}"
147_0,144,111940,GOPALPUR,"{""type"":""MultiPoint"",""coordinates"":[]}"
148_0,130,111941,GOPINATHPUR,"{""type"":""MultiPoint"",""coordinates"":[]}"
149_0,146,111942,HARIYAJAM,"{""type"":""MultiPoint"",""coordinates"":[]}"
150_0,134,111943,JAMDEHI,"{""type"":""MultiPoint"",""coordinates"":[]}"
151_0,197,111944,JAMKUDAR,"{""type"":""MultiPoint"",""coordinates"":[]}"
152_0,123,111945,JOGRAT,"{""type"":""MultiPoint"",""coordinates"":[]}"
153_0,176,111946,KALIASOL,"{""type"":""MultiPoint"",""coordinates"":[]}"
154_0,156,111947,KALIMATI,"{""type"":""MultiPoint"",""coordinates"":[]}"
155_0,148,111948,KALIPAHARI EAST,"{""type"":""MultiPoint"",""coordinates"":[]}"
156_0,131,111949,KALIPAHARI NORTH,"{""type"":""MultiPoint"",""coordinates"":[]}"
157_0,145,111951,KHUSHARI,"{""type"":""MultiPoint"",""coordinates"":[]}"
158_0,137,111952,LEDAHARIA,"{""type"":""MultiPoint"",""coordinates"":[]}"
159_0,167,111953,MADANDIH,"{""type"":""MultiPoint"",""coordinates"":[]}"
160_0,157,111954,MADANPUR,"{""type"":""MultiPoint"",""coordinates"":[]}"
161_0,114,111955,MARMA,"{""type"":""MultiPoint"",""coordinates"":[]}"
162_0,121,111956,MERHA,"{""type"":""MultiPoint"",""coordinates"":[]}"
163_0,133,111957,NIRSA MIDDLE,"{""type"":""MultiPoint"",""coordinates"":[]}"
164_0,181,111960,PALARPUR,"{""type"":""MultiPoint"",""coordinates"":[]}"
165_0,122,111961,PANCHMOHALI,"{""type"":""MultiPoint"",""coordinates"":[]}"
166_0,152,111962,PANDRA EAST,"{""type"":""MultiPoint"",""coordinates"":[]}"
167_0,147,111963,PANDRA WEST,"{""type"":""MultiPoint"",""coordinates"":[]}"
168_0,171,111965,PATHARKUAN,"{""type"":""MultiPoint"",""coordinates"":[]}"
169_0,131,111966,PATLA BARI,"{""type"":""MultiPoint"",""coordinates"":[]}"
170_0,177,111967,PINDRAHAT,"{""type"":""MultiPoint"",""coordinates"":[]}"
171_0,137,111968,PITHAKIYARI,"{""type"":""MultiPoint"",""coordinates"":[]}"
172_0,158,111969,RAMKANALI,"{""type"":""MultiPoint"",""coordinates"":[]}"
173_0,170,111970,RANGAMATIYA,"{""type"":""MultiPoint"",""coordinates"":[]}"
174_0,176,111971,SALUKACHPARA,"{""type"":""MultiPoint"",""coordinates"":[]}"
175_0,133,111972,SASHANBARIA,"{""type"":""MultiPoint"",""coordinates"":[]}"
176_0,150,111973,SHYAMPUR,"{""type"":""MultiPoint"",""coordinates"":[]}"
177_0,168,111974,SIJUA,"{""type"":""MultiPoint"",""coordinates"":[]}"
178_0,135,111976,SIWALIBARI MIDDLE,"{""type"":""MultiPoint"",""coordinates"":[]}"
179_0,160,111979,SONBAD,"{""type"":""MultiPoint"",""coordinates"":[]}"
180_0,156,111980,SUSUNLIYA,"{""type"":""MultiPoint"",""coordinates"":[]}"
181_0,162,111981,UPCHURIYA,"{""type"":""MultiPoint"",""coordinates"":[]}"
182_0,148,111982,URMA,"{""type"":""MultiPoint"",""coordinates"":[]}"
183_0,269,111983,BHUIYA CHITRO,"{""type"":""MultiPoint"",""coordinates"":[]}"
184_0,222,111984,BISHANPUR,"{""type"":""MultiPoint"",""coordinates"":[]}"
185_0,250,111985,BRAHAMANDIHA,"{""type"":""MultiPoint"",""coordinates"":[]}"
186_0,213,111986,CHAITA,"{""type"":""MultiPoint"",""coordinates"":[]}"
187_0,302,111987,CHITARPUR,"{""type"":""MultiPoint"",""coordinates"":[]}"
188_0,240,111988,DHANGI,"{""type"":""MultiPoint"",""coordinates"":[]}"
189_0,280,111989,DUMDUMI,"{""type"":""MultiPoint"",""coordinates"":[]}"
190_0,238,111990,GENDANAWADIH,"{""type"":""MultiPoint"",""coordinates"":[]}"
191_0,245,111991,GHUNGHASA,"{""type"":""MultiPoint"",""coordinates"":[]}"
192_0,233,111992,GOMO NORTH,"{""type"":""MultiPoint"",""coordinates"":[]}"
193_0,245,111994,HARIHARPUR,"{""type"":""MultiPoint"",""coordinates"":[]}"
194_0,249,111996,KHARIYO,"{""type"":""MultiPoint"",""coordinates"":[]}"
195_0,241,111998,KORKOTA,"{""type"":""MultiPoint"",""coordinates"":[]}"
196_0,292,111999,LEDATAND,"{""type"":""MultiPoint"",""coordinates"":[]}"
197_0,281,112000,LOKBAD,"{""type"":""MultiPoint"",""coordinates"":[]}"
198_0,300,112001,MADAIDIH,"{""type"":""MultiPoint"",""coordinates"":[]}"
199_0,292,112002,MATARI,"{""type"":""MultiPoint"",""coordinates"":[]}"
200_0,279,112003,NERO,"{""type"":""MultiPoint"",""coordinates"":[]}"
201_0,285,112004,PAWAPUR,"{""type"":""MultiPoint"",""coordinates"":[]}"
202_0,234,112005,PRADHANKHANTA,"{""type"":""MultiPoint"",""coordinates"":[]}"
203_0,248,112006,RAMAKUNDA,"{""type"":""MultiPoint"",""coordinates"":[]}"
204_0,257,112007,SINGHDAHA,"{""type"":""MultiPoint"",""coordinates"":[]}"
205_0,263,112008,SIRAMPUR,"{""type"":""MultiPoint"",""coordinates"":[]}"
206_0,313,112009,TANTRI,"{""type"":""MultiPoint"",""coordinates"":[]}"
207_0,302,112010,TOPCHANCHI,"{""type"":""MultiPoint"",""coordinates"":[]}"
208_0,248,112011,BARWATAND,"{""type"":""MultiPoint"",""coordinates"":[]}"
209_0,312,112012,BEGNARIYA,"{""type"":""MultiPoint"",""coordinates"":[]}"
210_0,216,112013,CHURURIYA,"{""type"":""MultiPoint"",""coordinates"":[]}"
211_0,218,112014,JATAKHUTI,"{""type"":""MultiPoint"",""coordinates"":[]}"
212_0,307,112015,JEETPUR,"{""type"":""MultiPoint"",""coordinates"":[]}"
213_0,232,112016,KADAIYA,"{""type"":""MultiPoint"",""coordinates"":[]}"
214_0,243,112017,KAMARDIH,"{""type"":""MultiPoint"",""coordinates"":[]}"
215_0,258,112018,KATNIA,"{""type"":""MultiPoint"",""coordinates"":[]}"
216_0,226,112019,KOLHAR,"{""type"":""MultiPoint"",""coordinates"":[]}"
217_0,230,112020,LACHURAYDIH,"{""type"":""MultiPoint"",""coordinates"":[]}"
218_0,231,112021,LATANI,"{""type"":""MultiPoint"",""coordinates"":[]}"
219_0,216,112022,LUKAIA,"{""type"":""MultiPoint"",""coordinates"":[]}"
220_0,273,112023,MACHIYARA,"{""type"":""MultiPoint"",""coordinates"":[]}"
221_0,185,112024,MAIRANAWATAND,"{""type"":""MultiPoint"",""coordinates"":[]}"
222_0,286,112025,MANIYADIH,"{""type"":""MultiPoint"",""coordinates"":[]}"
223_0,171,112026,MOHLIDIH,"{""type"":""MultiPoint"",""coordinates"":[]}"
224_0,249,112027,PHATEHPUR,"{""type"":""MultiPoint"",""coordinates"":[]}"
225_0,232,112028,PURNADIH,"{""type"":""MultiPoint"",""coordinates"":[]}"
226_0,208,112029,RAGHUNATHPUR,"{""type"":""MultiPoint"",""coordinates"":[]}"
227_0,260,112030,RAJABHITHA,"{""type"":""MultiPoint"",""coordinates"":[]}"
228_0,288,112031,RAMPUR,"{""type"":""MultiPoint"",""coordinates"":[]}"
229_0,201,112032,RATANPUR,"{""type"":""MultiPoint"",""coordinates"":[]}"
230_0,277,112033,RUPAN,"{""type"":""MultiPoint"",""coordinates"":[]}"
231_0,236,112034,TUNDI,"{""type"":""MultiPoint"",""coordinates"":[]}"
232_0,205,112035,UKMA,"{""type"":""MultiPoint"",""coordinates"":[]}"
233_0,223,245449,CHHOTANAGRI,"{""type"":""MultiPoint"",""coordinates"":[]}"
234_0,250,245450,NAVADIH,"{""type"":""MultiPoint"",""coordinates"":[]}"
235_0,177,245451,PETIA,"{""type"":""MultiPoint"",""coordinates"":[]}"
236_0,164,245452,PARASBANIA,"{""type"":""MultiPoint"",""coordinates"":[]}"
237_0,188,245453,CHHATATAND,"{""type"":""MultiPoint"",""coordinates"":[]}"
238_0,161,277569,PANDRABEJRA,"{""type"":""MultiPoint"",""coordinates"":[]}"
