,RAINFALL,REFERENCE_RAINFALL,TEMPERATURE,HUMIDITY,WIND,ET,ELEVATION,SLOPE,RESIDUAL
RAINFALL,1.0,0.5660276994593016,0.2003514416545102,0.3954839571743062,0.11149793705017322,0.14561640708839682,-0.012262141498248856,0.0013963703890525526,0.45577649252724456
REFERENCE_RAINFALL,0.5660276994593016,1.0,0.11483631942189779,0.433715549491904,0.19600817615279656,0.07145023948411541,-0.011019133320939947,0.0004375859281768202,-0.47579932361155713
TEMPERATURE,0.2003514416545102,0.11483631942189779,1.0,-0.15132727974555404,0.0410226723576499,0.45653619997937694,-0.05266946547535287,0.0019975134375222994,0.08976949704540962
HUMIDITY,0.3954839571743062,0.433715549491904,-0.15132727974555404,1.0,0.03526846820739959,0.35703893191498864,-0.02133022639651512,0.0024162201315453004,-0.04633541388722605
WIND,0.11149793705017322,0.19600817615279656,0.0410226723576499,0.03526846820739959,1.0,0.043542033003594945,-0.004322623708772043,0.0006843504306464547,-0.09267174598599887
ET,0.14561640708839682,0.07145023948411541,0.45653619997937694,0.35703893191498864,0.043542033003594945,1.0,-0.038078113456858055,-0.0037098427854405846,0.07821579761711754
ELEVATION,-0.012262141498248856,-0.011019133320939947,-0.05266946547535287,-0.02133022639651512,-0.004322623708772043,-0.038078113456858055,1.0,0.016808281706968138,-0.0011853020287858132
SLOPE,0.0013963703890525526,0.0004375859281768202,0.0019975134375222994,0.0024162201315453004,0.0006843504306464547,-0.0037098427854405846,0.016808281706968138,1.0,0.00101735112687019
RESIDUAL,0.45577649252724456,-0.47579932361155713,0.08976949704540962,-0.04633541388722605,-0.09267174598599887,0.07821579761711754,-0.0011853020287858132,0.00101735112687019,1.0
